attack,is_succ,confidence,max_iter,batch_size,epsilon,epsilon_step,delta,norm,theta,gamma,eta,max_eval,init_eval,init_size,num_trial,max_trasl,max_rot,file_name,csv_name,dataset_name,model_name,x_test_size,correct_size,adv_size,success_rate,second_image,avg_l2,avg_l1,avg_linf,avg_l0,avg_mse,avg_uqi,avg_ergas,avg_sam,avg_scc,avg_vifp,avg_rase,avg_psnrb
boundary,True,,2500,500,1e-01,,0.01,,,,,,,,25,,,boundary25000.010.125_succ,gen_list_boundary_remain,cifar,resnet50,100,90,82,0.9111111111111111,399.0260898303986,0.09527516656563449,3.755527061467471,0.014111720263514357,37.46341463414634,4.465471997235389e-06,0.9999756959060679,210.57655846150462,0.003434073860661528,0.9925758442632453,0.9992733075274433,30.37205021600695,52.79095122152312
boundary,False,,2500,500,0.1,,0.01,,,,,,,,25,,,boundary25000.010.125_miss,gen_list_boundary_remain,cifar,resnet50,100,90,8,0.9111111111111111,399.0260898303986,0.005205471973097164,0.22401301552468422,0.0006224192971108072,384.0,7.054704704627172e-08,0.9999997819684833,10.025934321381634,0.00016881984902040353,0.9999748197345624,1.000003135215362,1.4448228090268667,52.79095122152312
boundary,True,,2000,500,0.3,,0.01,,,,,,,,25,,,boundary20000.010.325_succ,gen_list_boundary_remain,cifar,resnet50,100,90,83,0.9222222222222223,558.5466061520576,0.10515021468967758,4.275747345907111,0.014291431843779477,37.01204819277108,5.570711826032233e-06,0.9999693808996543,232.54187041803652,0.0038745398935397498,0.9917775093897546,0.9989915936182907,33.529276050346084,52.07829522132049
boundary,False,,2000,500,0.3,,0.01,,,,,,,,25,,,boundary20000.010.325_miss,gen_list_boundary_remain,cifar,resnet50,100,90,7,0.9222222222222223,558.5466061520576,7.544694050592566e-07,3.2806595791479944e-05,2.9685450542160652e-08,438.85714285714283,1.8930241092935481e-16,0.9999999999999992,0.0014708051169738325,1.915586028434477e-08,0.9999999999999917,1.0000000267179474,0.00020981569474702792,52.07829522132049
